customer_id,month,rental_count,total_spending,prev_rental,prev_spending,segment_next,predicted_segment,is_correct
1,2005-07-01,12,50.88,7,31.93,High Value,Loyal,False
1,2005-08-01,11,31.89,12,50.88,Loyal,Low Value,False
2,2005-07-01,14,75.86,1,2.99,High Value,High Value,True
2,2005-08-01,11,44.89,14,75.86,High Value,High Value,True
3,2005-07-01,13,68.87,4,25.96,High Value,High Value,True
3,2005-08-01,7,35.93,13,68.87,Low Value,Low Value,True
4,2005-07-01,5,21.95,6,16.94,Low Value,Low Value,True
4,2005-08-01,11,42.89,5,21.95,High Value,Low Value,False
5,2005-07-01,16,59.84,5,19.95,High Value,Low Value,False
5,2005-08-01,13,53.87,16,59.84,High Value,High Value,True
5,2006-02-01,1,0.99,13,53.87,Low Value,Low Value,True
6,2005-07-01,9,26.91,4,8.96,Low Value,Low Value,True
6,2005-08-01,12,48.88,9,26.91,High Value,High Value,True
7,2005-07-01,11,59.89,5,10.95,High Value,High Value,True
7,2005-08-01,12,59.88,11,59.89,High Value,High Value,True
8,2005-07-01,12,35.88,3,13.97,Loyal,High Value,False
8,2005-08-01,8,35.92,12,35.88,Low Value,Low Value,True
9,2005-07-01,9,28.91,2,12.98,Low Value,Low Value,True
9,2005-08-01,8,31.92,9,28.91,Low Value,High Value,False
9,2006-02-01,1,4.99,8,31.92,Low Value,Low Value,True
10,2005-07-01,11,45.89,5,15.95,High Value,Low Value,False
10,2005-08-01,8,32.92,11,45.89,Low Value,Low Value,True
11,2005-07-01,11,53.89,3,15.97,High Value,High Value,True
11,2005-08-01,8,28.92,11,53.89,Low Value,High Value,False
11,2006-02-01,1,0.99,8,28.92,Low Value,Low Value,True
12,2005-07-01,13,39.87,6,26.94,High Value,High Value,True
12,2005-08-01,7,26.93,13,39.87,Low Value,High Value,False
13,2005-07-01,13,61.87,4,19.96,High Value,High Value,True
13,2005-08-01,10,49.90,13,61.87,High Value,High Value,True
14,2005-07-01,12,50.88,1,4.99,High Value,High Value,True
14,2005-08-01,9,35.91,12,50.88,Low Value,Low Value,True
14,2006-02-01,1,4.99,9,35.91,Low Value,Low Value,True
15,2005-07-01,9,40.91,3,9.97,Big Spender,High Value,False
15,2005-08-01,18,79.82,9,40.91,High Value,Low Value,False
15,2006-02-01,2,3.98,18,79.82,Low Value,Low Value,True
16,2005-07-01,10,34.90,4,23.96,Loyal,High Value,False
16,2005-08-01,10,48.90,10,34.90,High Value,High Value,True
17,2005-07-01,9,43.91,3,20.97,Big Spender,High Value,False
17,2005-08-01,6,22.94,9,43.91,Low Value,Low Value,True
18,2005-07-01,9,33.91,4,25.96,Low Value,High Value,False
18,2005-08-01,6,18.94,9,33.91,Low Value,Low Value,True
19,2005-07-01,6,34.94,3,8.97,Low Value,High Value,False
19,2005-08-01,9,54.91,6,34.94,Big Spender,Low Value,False
20,2005-07-01,10,42.90,4,14.96,High Value,High Value,True
20,2005-08-01,13,45.87,10,42.90,High Value,Low Value,False
21,2005-07-01,9,31.91,5,31.95,Low Value,High Value,False
21,2005-08-01,17,79.83,9,31.91,High Value,Low Value,False
21,2006-02-01,1,2.99,17,79.83,Low Value,Low Value,True
22,2005-07-01,7,31.93,1,2.99,Low Value,High Value,False
22,2005-08-01,10,54.90,7,31.93,High Value,Loyal,False
22,2006-02-01,1,4.99,10,54.90,Low Value,Low Value,True
23,2005-07-01,13,60.87,5,16.95,High Value,Low Value,False
23,2005-08-01,8,25.92,13,60.87,Low Value,High Value,False
23,2006-02-01,1,2.99,8,25.92,Low Value,Low Value,True
24,2005-07-01,9,26.91,5,24.95,Low Value,High Value,False
24,2005-08-01,9,33.91,9,26.91,Low Value,High Value,False
25,2005-07-01,12,39.88,6,33.94,High Value,Low Value,False
25,2005-08-01,9,30.91,12,39.88,Low Value,Low Value,True
26,2005-07-01,13,46.87,7,41.93,High Value,Low Value,False
26,2005-08-01,12,57.88,13,46.87,High Value,Low Value,False
27,2005-07-01,12,46.88,8,30.92,High Value,Low Value,False
27,2005-08-01,10,45.90,12,46.88,High Value,High Value,True
28,2005-07-01,14,51.86,5,13.95,High Value,High Value,True
28,2005-08-01,10,36.90,14,51.86,Loyal,Low Value,False
28,2006-02-01,1,2.99,10,36.90,Low Value,High Value,False
29,2005-07-01,11,46.89,7,21.93,High Value,Low Value,False
29,2005-08-01,16,68.84,11,46.89,High Value,Big Spender,False
29,2006-02-01,1,0.99,16,68.84,Low Value,Low Value,True
30,2005-07-01,19,73.81,4,12.96,High Value,High Value,True
30,2005-08-01,11,36.89,19,73.81,Loyal,Loyal,True
31,2005-07-01,11,48.89,11,35.89,High Value,High Value,True
31,2005-08-01,4,19.96,11,48.89,Low Value,Low Value,True
32,2005-07-01,15,58.85,4,15.96,High Value,High Value,True
32,2005-08-01,7,37.93,15,58.85,Low Value,Low Value,True
33,2005-07-01,8,29.92,2,19.98,Low Value,Low Value,True
33,2005-08-01,9,37.91,8,29.92,Low Value,Low Value,True
33,2006-02-01,1,0.99,9,37.91,Low Value,High Value,False
34,2005-07-01,9,33.91,3,11.97,Low Value,High Value,False
34,2005-08-01,12,43.88,9,33.91,High Value,Low Value,False
35,2005-07-01,16,68.84,6,17.94,High Value,High Value,True
35,2005-08-01,8,31.92,16,68.84,Low Value,Low Value,True
36,2005-07-01,13,40.87,1,0.99,High Value,High Value,True
36,2005-08-01,11,48.89,13,40.87,High Value,High Value,True
37,2005-07-01,6,36.94,3,10.97,Low Value,Low Value,True
37,2005-08-01,12,43.88,6,36.94,High Value,High Value,True
38,2005-07-01,18,65.82,5,15.95,High Value,Low Value,False
38,2005-08-01,11,45.89,18,65.82,High Value,Low Value,False
39,2005-07-01,15,73.85,6,26.94,High Value,High Value,True
39,2005-08-01,8,40.92,15,73.85,Big Spender,High Value,False
40,2005-07-01,11,40.89,4,16.96,High Value,High Value,True
40,2005-08-01,11,47.89,11,40.89,High Value,High Value,True
41,2005-07-01,15,70.85,2,12.98,High Value,Low Value,False
41,2005-08-01,7,31.93,15,70.85,Low Value,Low Value,True
41,2006-02-01,1,2.99,7,31.93,Low Value,Loyal,False
42,2005-07-01,16,61.84,4,12.96,High Value,High Value,True
42,2005-08-01,7,30.93,16,61.84,Low Value,Low Value,True
42,2006-02-01,2,5.98,7,30.93,Low Value,Low Value,True
43,2005-07-01,12,47.88,1,4.99,High Value,High Value,True
43,2005-08-01,7,32.93,12,47.88,Low Value,Low Value,True
43,2006-02-01,2,3.98,7,32.93,Low Value,Low Value,True
44,2005-07-01,10,53.90,4,15.96,High Value,High Value,True
44,2005-08-01,6,26.94,10,53.90,Low Value,High Value,False
44,2006-02-01,1,4.99,6,26.94,Low Value,High Value,False
45,2005-07-01,9,37.91,5,17.95,Low Value,Low Value,True
45,2005-08-01,12,68.88,9,37.91,High Value,High Value,True
46,2005-07-01,8,32.92,7,32.93,Low Value,Low Value,True
46,2005-08-01,16,65.84,8,32.92,High Value,Low Value,False
47,2005-07-01,10,47.90,3,17.97,High Value,High Value,True
47,2005-08-01,6,26.94,10,47.90,Low Value,Low Value,True
48,2005-07-01,8,44.92,2,10.98,Big Spender,High Value,False
48,2005-08-01,4,11.96,8,44.92,Low Value,Low Value,True
49,2005-07-01,13,69.87,5,23.95,High Value,High Value,True
49,2005-08-01,6,22.94,13,69.87,Low Value,Low Value,True
50,2005-07-01,17,80.83,4,11.96,High Value,High Value,True
50,2005-08-01,9,51.91,17,80.83,Big Spender,Big Spender,True
51,2005-07-01,12,58.88,2,2.98,High Value,High Value,True
51,2005-08-01,16,61.84,12,58.88,High Value,Low Value,False
52,2005-07-01,12,48.88,4,13.96,High Value,High Value,True
52,2005-08-01,11,38.89,12,48.88,High Value,Loyal,False
52,2006-02-01,1,4.99,11,38.89,Low Value,Low Value,True
53,2005-07-01,7,31.93,5,10.95,Low Value,High Value,False
53,2005-08-01,10,37.90,7,31.93,Loyal,Loyal,True
53,2006-02-01,2,7.98,10,37.90,Low Value,Low Value,True
54,2005-07-01,8,29.92,4,19.96,Low Value,High Value,False
54,2005-08-01,14,64.86,8,29.92,High Value,Low Value,False
55,2005-07-01,7,36.93,5,18.95,Low Value,Low Value,True
55,2005-08-01,7,28.93,7,36.93,Low Value,High Value,False
56,2005-07-01,9,37.91,4,13.96,Low Value,High Value,False
56,2005-08-01,12,58.88,9,37.91,High Value,High Value,True
56,2006-02-01,1,4.99,12,58.88,Low Value,Low Value,True
57,2005-07-01,15,49.85,5,20.95,High Value,High Value,True
57,2005-08-01,6,28.94,15,49.85,Low Value,Low Value,True
58,2005-07-01,9,38.91,3,6.97,Big Spender,Big Spender,True
58,2005-08-01,11,58.89,9,38.91,High Value,High Value,True
58,2006-02-01,1,0.99,11,58.89,Low Value,Low Value,True
59,2005-07-01,11,60.89,3,10.97,High Value,Low Value,False
59,2005-08-01,10,47.90,11,60.89,High Value,Low Value,False
60,2005-07-01,8,27.92,2,9.98,Low Value,High Value,False
60,2005-08-01,10,40.90,8,27.92,High Value,Low Value,False
60,2006-02-01,2,9.98,10,40.90,Low Value,Loyal,False
61,2005-08-01,7,24.93,6,32.94,Low Value,Low Value,True
62,2005-07-01,5,16.95,7,24.93,Low Value,High Value,False
62,2005-08-01,9,36.91,5,16.95,Low Value,Low Value,True
63,2005-07-01,14,64.86,1,0.99,High Value,High Value,True
63,2005-08-01,10,46.90,14,64.86,High Value,Low Value,False
64,2005-07-01,19,59.81,2,3.98,High Value,High Value,True
64,2005-08-01,8,22.92,19,59.81,Low Value,Low Value,True
64,2006-02-01,1,4.99,8,22.92,Low Value,Low Value,True
65,2005-07-01,9,37.91,2,12.98,Low Value,Low Value,True
65,2005-08-01,9,46.91,9,37.91,Big Spender,High Value,False
66,2005-07-01,13,60.87,7,29.93,High Value,Low Value,False
66,2005-08-01,13,48.87,13,60.87,High Value,High Value,True
67,2005-07-01,8,30.92,4,13.96,Low Value,High Value,False
67,2005-08-01,8,41.92,8,30.92,Big Spender,Low Value,False
68,2005-07-01,10,43.90,5,25.95,High Value,Low Value,False
68,2005-08-01,7,24.93,10,43.90,Low Value,High Value,False
69,2005-07-01,11,47.89,2,7.98,High Value,High Value,True
69,2005-08-01,9,32.91,11,47.89,Low Value,Low Value,True
69,2006-02-01,1,0.99,9,32.91,Low Value,High Value,False
70,2005-07-01,7,26.93,1,4.99,Low Value,High Value,False
70,2005-08-01,9,43.91,7,26.93,Big Spender,High Value,False
71,2005-07-01,18,70.82,3,13.97,High Value,High Value,True
71,2005-08-01,7,31.93,18,70.82,Low Value,Low Value,True
72,2005-07-01,10,36.90,1,4.99,Loyal,High Value,False
72,2005-08-01,16,46.84,10,36.90,High Value,High Value,True
73,2005-07-01,10,46.90,2,5.98,High Value,High Value,True
73,2005-08-01,9,33.91,10,46.90,Low Value,High Value,False
73,2006-02-01,1,2.99,9,33.91,Low Value,Low Value,True
74,2005-07-01,10,47.90,4,12.96,High Value,High Value,True
74,2005-08-01,12,35.88,10,47.90,Loyal,Low Value,False
75,2005-07-01,20,70.80,5,29.95,High Value,Low Value,False
75,2005-08-01,11,39.89,20,70.80,High Value,High Value,True
75,2006-02-01,3,8.97,11,39.89,Low Value,Low Value,True
76,2005-07-01,9,25.91,6,12.94,Low Value,Low Value,True
76,2005-08-01,6,35.94,9,25.91,Low Value,Low Value,True
77,2005-07-01,7,15.93,5,21.95,Low Value,Low Value,True
77,2005-08-01,11,47.89,7,15.93,High Value,High Value,True
78,2005-07-01,14,52.86,3,17.97,High Value,High Value,True
78,2005-08-01,14,70.86,14,52.86,High Value,High Value,True
79,2005-07-01,13,53.87,2,7.98,High Value,High Value,True
79,2005-08-01,4,11.96,13,53.87,Low Value,Low Value,True
80,2005-07-01,12,61.88,3,15.97,High Value,High Value,True
80,2005-08-01,14,56.86,12,61.88,High Value,High Value,True
80,2006-02-01,1,2.99,14,56.86,Low Value,Low Value,True
81,2005-07-01,6,23.94,3,12.97,Low Value,High Value,False
81,2005-08-01,12,55.88,6,23.94,High Value,High Value,True
82,2005-07-01,11,64.89,5,20.95,High Value,High Value,True
82,2005-08-01,8,32.92,11,64.89,Low Value,Low Value,True
83,2005-07-01,9,31.91,4,20.96,Low Value,Low Value,True
83,2005-08-01,8,38.92,9,31.91,Big Spender,Low Value,False
83,2006-02-01,1,4.99,8,38.92,Low Value,Low Value,True
84,2005-07-01,12,64.88,6,14.94,High Value,Low Value,False
84,2005-08-01,12,48.88,12,64.88,High Value,High Value,True
85,2005-07-01,8,26.92,6,19.94,Low Value,Low Value,True
85,2005-08-01,7,25.93,8,26.92,Low Value,Low Value,True
86,2005-07-01,12,64.88,7,24.93,High Value,High Value,True
86,2005-08-01,13,56.87,12,64.88,High Value,High Value,True
87,2005-07-01,11,56.89,5,25.95,High Value,Low Value,False
87,2005-08-01,11,49.89,11,56.89,High Value,Low Value,False
87,2006-02-01,1,4.99,11,49.89,Low Value,Low Value,True
88,2005-07-01,11,44.89,3,13.97,High Value,High Value,True
88,2005-08-01,6,25.94,11,44.89,Low Value,High Value,False
89,2005-07-01,17,68.83,5,30.95,High Value,High Value,True
89,2005-08-01,7,24.93,17,68.83,Low Value,Low Value,True
90,2005-07-01,12,51.88,3,8.97,High Value,High Value,True
90,2005-08-01,13,49.87,12,51.88,High Value,High Value,True
91,2005-07-01,19,59.81,4,12.96,High Value,High Value,True
91,2005-08-01,10,29.90,19,59.81,Loyal,Low Value,False
91,2006-02-01,1,4.99,10,29.90,Low Value,High Value,False
92,2005-07-01,15,78.85,3,14.97,High Value,High Value,True
92,2005-08-01,8,28.92,15,78.85,Low Value,Low Value,True
93,2005-07-01,6,21.94,2,5.98,Low Value,High Value,False
93,2005-08-01,12,48.88,6,21.94,High Value,High Value,True
94,2005-07-01,7,28.93,5,19.95,Low Value,Low Value,True
94,2005-08-01,6,17.94,7,28.93,Low Value,Low Value,True
94,2006-02-01,1,4.99,6,17.94,Low Value,High Value,False
95,2005-07-01,9,43.91,4,8.96,Big Spender,Low Value,False
95,2005-08-01,4,19.96,9,43.91,Low Value,Low Value,True
96,2005-07-01,12,49.88,7,21.93,High Value,Low Value,False
96,2005-08-01,8,33.92,12,49.88,Low Value,Low Value,True
97,2005-07-01,12,40.88,3,8.97,High Value,High Value,True
97,2005-08-01,3,8.97,12,40.88,Low Value,Low Value,True
98,2005-07-01,9,40.91,6,25.94,Big Spender,Low Value,False
98,2005-08-01,9,35.91,9,40.91,Low Value,Low Value,True
99,2005-07-01,15,56.85,2,7.98,High Value,High Value,True
99,2005-08-01,5,24.95,15,56.85,Low Value,Low Value,True
99,2006-02-01,1,0.99,5,24.95,Low Value,High Value,False
100,2005-07-01,13,69.87,4,18.96,High Value,High Value,True
100,2005-08-01,5,11.95,13,69.87,Low Value,Low Value,True
100,2006-02-01,1,0.99,5,11.95,Low Value,High Value,False
101,2005-08-01,10,31.90,12,53.88,Loyal,Loyal,True
101,2006-02-01,1,0.99,10,31.90,Low Value,High Value,False
102,2005-07-01,21,84.79,2,11.98,High Value,High Value,True
102,2005-08-01,7,32.93,21,84.79,Low Value,High Value,False
103,2005-07-01,15,68.85,4,7.96,High Value,Big Spender,False
103,2005-08-01,10,51.90,15,68.85,High Value,High Value,True
104,2005-07-01,10,44.90,4,8.96,High Value,Low Value,False
104,2005-08-01,8,23.92,10,44.90,Low Value,Low Value,True
105,2005-07-01,10,48.90,3,11.97,High Value,High Value,True
105,2005-08-01,9,32.91,10,48.90,Low Value,Low Value,True
106,2005-07-01,10,41.90,2,9.98,High Value,High Value,True
106,2005-08-01,9,43.91,10,41.90,Big Spender,Low Value,False
107,2005-07-01,14,61.86,7,24.93,High Value,High Value,True
107,2005-08-01,5,25.95,14,61.86,Low Value,High Value,False
107,2006-02-01,2,1.98,5,25.95,Low Value,Low Value,True
108,2005-07-01,13,51.87,5,24.95,High Value,High Value,True
108,2005-08-01,9,44.91,13,51.87,Big Spender,Low Value,False
108,2006-02-01,1,4.99,9,44.91,Low Value,Low Value,True
109,2005-07-01,8,26.92,5,25.95,Low Value,Low Value,True
109,2005-08-01,6,26.94,8,26.92,Low Value,Low Value,True
110,2005-07-01,7,22.93,1,8.99,Low Value,High Value,False
110,2005-08-01,4,17.96,7,22.93,Low Value,Low Value,True
111,2005-07-01,9,29.91,6,22.94,Low Value,High Value,False
111,2005-08-01,9,38.91,9,29.91,Big Spender,High Value,False
111,2006-02-01,1,2.99,9,38.91,Low Value,High Value,False
112,2005-07-01,11,50.89,4,15.96,High Value,High Value,True
112,2005-08-01,13,62.87,11,50.89,High Value,High Value,True
113,2005-07-01,11,43.89,6,27.94,High Value,Low Value,False
113,2005-08-01,10,39.90,11,43.89,High Value,High Value,True
114,2005-07-01,15,61.85,4,19.96,High Value,High Value,True
114,2005-08-01,10,39.90,15,61.85,High Value,Low Value,False
114,2006-02-01,1,4.99,10,39.90,Low Value,Low Value,True
115,2005-07-01,15,50.85,3,10.97,High Value,Low Value,False
115,2005-08-01,8,21.92,15,50.85,Low Value,Low Value,True
115,2006-02-01,1,2.99,8,21.92,Low Value,Low Value,True
116,2005-07-01,10,41.90,6,20.94,High Value,High Value,True
116,2005-08-01,10,43.90,10,41.90,High Value,Low Value,False
117,2005-07-01,5,26.95,2,5.98,Low Value,High Value,False
117,2005-08-01,10,36.90,5,26.95,Loyal,Loyal,True
118,2005-07-01,11,37.89,3,10.97,Loyal,Low Value,False
118,2005-08-01,6,27.94,11,37.89,Low Value,Low Value,True
119,2005-07-01,10,44.90,3,16.97,High Value,High Value,True
119,2005-08-01,18,77.82,10,44.90,High Value,Low Value,False
120,2005-07-01,13,48.87,6,29.94,High Value,High Value,True
120,2005-08-01,10,50.90,13,48.87,High Value,High Value,True
120,2006-02-01,1,4.99,10,50.90,Low Value,Big Spender,False
121,2005-07-01,9,31.91,2,4.98,Low Value,High Value,False
121,2005-08-01,14,67.86,9,31.91,High Value,Low Value,False
122,2005-07-01,15,61.85,7,25.93,High Value,Low Value,False
122,2005-08-01,8,32.92,15,61.85,Low Value,Low Value,True
123,2005-07-01,10,45.90,5,14.95,High Value,High Value,True
123,2005-08-01,8,36.92,10,45.90,Low Value,Low Value,True
124,2005-07-01,8,37.92,1,1.99,Low Value,Low Value,True
124,2005-08-01,5,17.95,8,37.92,Low Value,Low Value,True
125,2005-07-01,16,65.84,4,19.96,High Value,High Value,True
125,2005-08-01,11,45.89,16,65.84,High Value,High Value,True
126,2005-07-01,13,48.87,1,2.99,High Value,High Value,True
126,2005-08-01,11,50.89,13,48.87,High Value,High Value,True
127,2005-07-01,7,36.93,3,11.97,Low Value,High Value,False
127,2005-08-01,12,56.88,7,36.93,High Value,High Value,True
128,2005-07-01,16,65.84,2,8.98,High Value,High Value,True
128,2005-08-01,12,43.88,16,65.84,High Value,High Value,True
129,2005-07-01,15,55.85,6,19.94,High Value,Low Value,False
129,2005-08-01,13,48.87,15,55.85,High Value,Low Value,False
130,2005-07-01,8,31.92,6,21.94,Low Value,High Value,False
130,2005-08-01,8,33.92,8,31.92,Low Value,Low Value,True
131,2005-07-01,12,49.88,2,14.98,High Value,High Value,True
131,2005-08-01,13,47.87,12,49.88,High Value,Low Value,False
132,2005-07-01,14,44.86,6,19.94,High Value,Low Value,False
132,2005-08-01,8,30.92,14,44.86,Low Value,Low Value,True
133,2005-07-01,13,47.87,4,13.96,High Value,High Value,True
133,2005-08-01,8,26.92,13,47.87,Low Value,Low Value,True
134,2005-07-01,6,18.94,4,17.96,Low Value,Low Value,True
134,2005-08-01,9,40.91,6,18.94,Big Spender,Low Value,False
135,2005-07-01,14,57.86,3,5.97,High Value,Low Value,False
135,2005-08-01,10,35.90,14,57.86,Loyal,Low Value,False
135,2006-02-01,1,0.99,10,35.90,Low Value,High Value,False
136,2005-07-01,6,24.94,1,2.99,Low Value,High Value,False
136,2005-08-01,7,31.93,6,24.94,Low Value,Big Spender,False
137,2005-07-01,19,96.81,4,19.96,High Value,High Value,True
137,2005-08-01,15,74.85,19,96.81,High Value,High Value,True
138,2005-07-01,15,47.85,3,9.97,High Value,High Value,True
138,2005-08-01,14,48.86,15,47.85,High Value,High Value,True
139,2005-07-01,12,51.88,4,14.96,High Value,High Value,True
139,2005-08-01,11,46.89,12,51.88,High Value,High Value,True
140,2005-07-01,7,29.93,4,15.96,Low Value,High Value,False
140,2005-08-01,7,37.93,7,29.93,Low Value,Low Value,True
141,2005-07-01,11,41.89,3,20.97,High Value,High Value,True
141,2005-08-01,17,64.83,11,41.89,High Value,High Value,True
142,2005-07-01,10,41.90,2,4.98,High Value,High Value,True
142,2005-08-01,10,26.90,10,41.90,Loyal,Low Value,False
142,2006-02-01,1,0.99,10,26.90,Low Value,Low Value,True
143,2005-07-01,9,33.91,5,16.95,Low Value,Low Value,True
143,2005-08-01,6,32.94,9,33.91,Low Value,Low Value,True
144,2005-07-01,18,93.82,6,22.94,High Value,High Value,True
144,2005-08-01,16,72.84,18,93.82,High Value,High Value,True
145,2005-07-01,15,55.85,2,5.98,High Value,High Value,True
145,2005-08-01,10,45.90,15,55.85,High Value,Low Value,False
146,2005-07-01,7,36.93,7,25.93,Low Value,Low Value,True
146,2005-08-01,13,63.87,7,36.93,High Value,High Value,True
147,2005-07-01,13,31.87,4,16.96,Loyal,High Value,False
147,2005-08-01,15,76.85,13,31.87,High Value,Low Value,False
148,2005-07-01,22,100.78,5,22.95,High Value,High Value,True
148,2005-08-01,18,87.82,22,100.78,High Value,High Value,True
149,2005-07-01,11,54.89,7,32.93,High Value,Low Value,False
149,2005-08-01,7,28.93,11,54.89,Low Value,Low Value,True
150,2005-07-01,4,17.96,2,7.98,Low Value,High Value,False
150,2005-08-01,16,68.84,4,17.96,High Value,Low Value,False
151,2005-07-01,10,29.90,5,13.95,Loyal,High Value,False
151,2005-08-01,10,37.90,10,29.90,Loyal,High Value,False
152,2005-07-01,6,25.94,1,4.99,Low Value,High Value,False
152,2005-08-01,11,37.89,6,25.94,Loyal,Low Value,False
152,2006-02-01,1,4.99,11,37.89,Low Value,Low Value,True
153,2005-07-01,10,39.90,4,12.96,High Value,High Value,True
153,2005-08-01,10,41.90,10,39.90,High Value,Low Value,False
154,2005-07-01,14,55.86,3,8.97,High Value,High Value,True
154,2005-08-01,10,45.90,14,55.86,High Value,Low Value,False
155,2005-07-01,10,42.90,5,27.95,High Value,High Value,True
155,2005-08-01,7,27.93,10,42.90,Low Value,Low Value,True
155,2006-02-01,2,7.98,7,27.93,Low Value,Low Value,True
156,2005-07-01,9,34.91,4,16.96,Low Value,High Value,False
156,2005-08-01,10,37.90,9,34.91,Loyal,Loyal,True
157,2005-07-01,17,52.83,1,0.99,High Value,High Value,True
157,2005-08-01,11,53.89,17,52.83,High Value,High Value,True
158,2005-07-01,13,45.87,4,21.96,High Value,Low Value,False
158,2005-08-01,13,47.87,13,45.87,High Value,Low Value,False
159,2005-07-01,10,38.90,2,1.98,High Value,High Value,True
159,2005-08-01,5,17.95,10,38.90,Low Value,Low Value,True
160,2005-07-01,9,28.91,3,10.97,Low Value,Low Value,True
160,2005-08-01,15,66.85,9,28.91,High Value,High Value,True
161,2005-07-01,10,41.90,2,6.98,High Value,High Value,True
161,2005-08-01,12,45.88,10,41.90,High Value,Low Value,False
162,2005-07-01,7,32.93,5,12.95,Low Value,Low Value,True
162,2005-08-01,4,12.96,7,32.93,Low Value,Low Value,True
162,2006-02-01,1,0.99,4,12.96,Low Value,High Value,False
163,2005-07-01,11,40.89,6,29.94,High Value,High Value,True
163,2005-08-01,10,43.90,11,40.89,High Value,High Value,True
163,2006-02-01,2,7.98,10,43.90,Low Value,High Value,False
164,2005-07-01,10,38.90,3,16.97,High Value,High Value,True
164,2005-08-01,2,8.98,10,38.90,Low Value,Low Value,True
165,2005-07-01,12,49.88,2,6.98,High Value,High Value,True
165,2005-08-01,6,24.94,12,49.88,Low Value,Low Value,True
166,2005-07-01,13,56.87,4,13.96,High Value,High Value,True
166,2005-08-01,10,50.90,13,56.87,High Value,Low Value,False
167,2005-07-01,15,48.85,3,15.97,High Value,High Value,True
167,2005-08-01,11,43.89,15,48.85,High Value,High Value,True
168,2005-07-01,17,70.83,1,4.99,High Value,High Value,True
168,2005-08-01,13,52.87,17,70.83,High Value,High Value,True
168,2006-02-01,1,0.99,13,52.87,Low Value,High Value,False
169,2005-07-01,10,49.90,2,7.98,High Value,High Value,True
169,2005-08-01,8,28.92,10,49.90,Low Value,Low Value,True
170,2005-07-01,12,56.88,2,9.98,High Value,High Value,True
170,2005-08-01,9,42.91,12,56.88,Big Spender,Low Value,False
171,2005-07-01,9,33.91,7,32.93,Low Value,Low Value,True
171,2005-08-01,9,37.91,9,33.91,Low Value,Low Value,True
172,2005-07-01,14,70.86,3,3.97,High Value,High Value,True
172,2005-08-01,13,58.87,14,70.86,High Value,High Value,True
173,2005-07-01,14,57.86,5,16.95,High Value,Low Value,False
173,2005-08-01,8,36.92,14,57.86,Low Value,Low Value,True
174,2005-07-01,7,32.93,4,16.96,Low Value,High Value,False
174,2005-08-01,8,31.92,7,32.93,Low Value,Low Value,True
175,2005-07-01,11,46.89,2,5.98,High Value,High Value,True
175,2005-08-01,9,41.91,11,46.89,Big Spender,Big Spender,True
175,2006-02-01,2,3.98,9,41.91,Low Value,Low Value,True
176,2005-07-01,12,55.88,8,42.92,High Value,Low Value,False
176,2005-08-01,12,52.88,12,55.88,High Value,High Value,True
177,2005-07-01,7,22.93,5,14.95,Low Value,High Value,False
177,2005-08-01,11,33.89,7,22.93,Loyal,Low Value,False
178,2005-07-01,18,85.82,8,44.92,High Value,Low Value,False
178,2005-08-01,12,58.88,18,85.82,High Value,High Value,True
178,2006-02-01,1,4.99,12,58.88,Low Value,Low Value,True
179,2005-07-01,14,68.86,2,12.98,High Value,Low Value,False
179,2005-08-01,10,38.90,14,68.86,High Value,High Value,True
180,2005-07-01,10,40.90,2,5.98,High Value,High Value,True
180,2005-08-01,9,43.91,10,40.90,Big Spender,Loyal,False
180,2006-02-01,1,4.99,9,43.91,Low Value,Low Value,True
181,2005-07-01,12,72.88,4,19.96,High Value,High Value,True
181,2005-08-01,16,71.84,12,72.88,High Value,High Value,True
181,2006-02-01,1,2.99,16,71.84,Low Value,Low Value,True
182,2005-07-01,16,48.84,4,13.96,High Value,High Value,True
182,2005-08-01,8,38.92,16,48.84,Big Spender,Big Spender,True
183,2005-07-01,11,34.89,4,14.96,Loyal,High Value,False
183,2005-08-01,7,25.93,11,34.89,Low Value,High Value,False
184,2005-07-01,9,36.91,2,3.98,Low Value,High Value,False
184,2005-08-01,9,39.91,9,36.91,Big Spender,Low Value,False
185,2005-07-01,12,50.88,3,14.97,High Value,High Value,True
185,2005-08-01,5,13.95,12,50.88,Low Value,Low Value,True
186,2005-07-01,8,26.92,6,25.94,Low Value,Low Value,True
186,2005-08-01,14,55.86,8,26.92,High Value,Low Value,False
186,2006-02-01,1,2.99,14,55.86,Low Value,Low Value,True
187,2005-07-01,11,63.89,7,23.93,High Value,High Value,True
187,2005-08-01,9,63.91,11,63.89,Big Spender,Big Spender,True
188,2005-07-01,8,31.92,4,13.96,Low Value,High Value,False
188,2005-08-01,12,43.88,8,31.92,High Value,Low Value,False
188,2006-02-01,1,2.99,12,43.88,Low Value,High Value,False
189,2005-07-01,10,37.90,5,13.95,Loyal,High Value,False
189,2005-08-01,6,35.94,10,37.90,Low Value,Low Value,True
190,2005-07-01,7,27.93,5,19.95,Low Value,Low Value,True
190,2005-08-01,12,49.88,7,27.93,High Value,Low Value,False
190,2006-02-01,1,4.99,12,49.88,Low Value,Low Value,True
191,2005-07-01,9,39.91,6,17.94,Big Spender,High Value,False
191,2005-08-01,2,7.98,9,39.91,Low Value,Low Value,True
191,2006-02-01,1,0.99,2,7.98,Low Value,High Value,False
192,2005-07-01,10,35.90,1,3.99,Loyal,High Value,False
192,2005-08-01,10,52.90,10,35.90,High Value,High Value,True
192,2006-02-01,1,4.99,10,52.90,Low Value,Low Value,True
193,2005-07-01,6,27.94,6,35.94,Low Value,High Value,False
193,2005-08-01,10,38.90,6,27.94,High Value,Low Value,False
193,2006-02-01,1,2.99,10,38.90,Low Value,Low Value,True
194,2005-07-01,5,25.95,5,19.95,Low Value,Low Value,True
194,2005-08-01,6,28.94,5,25.95,Low Value,Low Value,True
195,2005-08-01,8,38.92,11,47.89,Big Spender,Low Value,False
196,2005-07-01,14,63.86,8,31.92,High Value,Low Value,False
196,2005-08-01,9,32.91,14,63.86,Low Value,Low Value,True
197,2005-07-01,8,35.92,8,31.92,Low Value,Low Value,True
197,2005-08-01,16,65.84,8,35.92,High Value,High Value,True
198,2005-07-01,15,52.85,1,0.99,High Value,High Value,True
198,2005-08-01,16,70.84,15,52.85,High Value,Low Value,False
199,2005-07-01,12,52.88,3,8.97,High Value,High Value,True
199,2005-08-01,8,30.92,12,52.88,Low Value,Low Value,True
199,2006-02-01,1,2.99,8,30.92,Low Value,Low Value,True
200,2005-07-01,10,37.90,7,31.93,Loyal,Loyal,True
200,2005-08-01,8,53.92,10,37.90,Big Spender,Low Value,False
200,2006-02-01,1,2.99,8,53.92,Low Value,Low Value,True
201,2005-07-01,5,16.95,5,25.95,Low Value,Low Value,True
201,2005-08-01,12,48.88,5,16.95,High Value,Low Value,False
202,2005-07-01,13,52.87,4,9.96,High Value,High Value,True
202,2005-08-01,9,40.91,13,52.87,Big Spender,High Value,False
203,2005-07-01,7,40.93,4,18.96,Big Spender,High Value,False
203,2005-08-01,8,27.92,7,40.93,Low Value,Low Value,True
204,2005-07-01,14,48.86,6,31.94,High Value,High Value,True
204,2005-08-01,11,53.89,14,48.86,High Value,Low Value,False
205,2005-07-01,8,45.92,4,14.96,Big Spender,High Value,False
205,2005-08-01,6,19.94,8,45.92,Low Value,Low Value,True
206,2005-07-01,13,60.87,3,11.97,High Value,High Value,True
206,2005-08-01,11,53.89,13,60.87,High Value,High Value,True
207,2005-07-01,15,58.85,1,3.99,High Value,High Value,True
207,2005-08-01,12,56.88,15,58.85,High Value,Low Value,False
208,2005-07-01,13,46.87,5,11.95,High Value,High Value,True
208,2005-08-01,5,21.95,13,46.87,Low Value,Low Value,True
208,2006-02-01,2,5.98,5,21.95,Low Value,Low Value,True
209,2005-07-01,17,82.83,4,19.96,High Value,High Value,True
209,2005-08-01,8,44.92,17,82.83,Big Spender,Big Spender,True
210,2005-07-01,18,73.82,2,3.98,High Value,High Value,True
210,2005-08-01,10,56.90,18,73.82,High Value,High Value,True
211,2005-07-01,16,62.84,2,15.98,High Value,High Value,True
211,2005-08-01,14,62.86,16,62.84,High Value,High Value,True
211,2006-02-01,1,4.99,14,62.86,Low Value,Low Value,True
212,2005-07-01,7,40.93,4,14.96,Big Spender,High Value,False
212,2005-08-01,9,35.91,7,40.93,Low Value,Low Value,True
213,2005-07-01,12,51.88,9,35.91,High Value,Low Value,False
213,2005-08-01,5,19.95,12,51.88,Low Value,High Value,False
213,2006-02-01,1,2.99,5,19.95,Low Value,Low Value,True
214,2005-07-01,8,35.92,3,10.97,Low Value,Low Value,True
214,2005-08-01,14,53.86,8,35.92,High Value,High Value,True
214,2006-02-01,1,2.99,14,53.86,Low Value,High Value,False
215,2005-07-01,7,31.93,6,23.94,Low Value,High Value,False
215,2005-08-01,10,24.90,7,31.93,Loyal,Loyal,True
215,2006-02-01,1,0.99,10,24.90,Low Value,Low Value,True
216,2005-07-01,6,32.94,5,15.95,Low Value,Low Value,True
216,2005-08-01,9,35.91,6,32.94,Low Value,Low Value,True
216,2006-02-01,2,5.98,9,35.91,Low Value,Low Value,True
217,2005-07-01,9,33.91,3,14.97,Low Value,High Value,False
217,2005-08-01,9,37.91,9,33.91,Low Value,Low Value,True
218,2005-07-01,8,37.92,3,4.97,Low Value,High Value,False
218,2005-08-01,7,24.93,8,37.92,Low Value,Low Value,True
219,2005-07-01,15,64.85,2,4.98,High Value,High Value,True
219,2005-08-01,7,25.93,15,64.85,Low Value,Low Value,True
219,2006-02-01,1,4.99,7,25.93,Low Value,Low Value,True
220,2005-07-01,12,59.88,1,0.99,High Value,High Value,True
220,2005-08-01,12,48.88,12,59.88,High Value,High Value,True
221,2005-07-01,12,58.88,5,23.95,High Value,High Value,True
221,2005-08-01,10,44.90,12,58.88,High Value,Low Value,False
222,2005-07-01,11,46.89,2,15.98,High Value,High Value,True
222,2005-08-01,3,8.97,11,46.89,Low Value,Big Spender,False
223,2005-07-01,7,32.93,2,10.98,Low Value,High Value,False
223,2005-08-01,7,33.93,7,32.93,Low Value,Low Value,True
224,2005-07-01,9,27.91,3,15.97,Low Value,High Value,False
224,2005-08-01,10,32.90,9,27.91,Loyal,Loyal,True
225,2005-07-01,17,80.83,1,7.99,High Value,High Value,True
225,2005-08-01,6,22.94,17,80.83,Low Value,Big Spender,False
226,2005-07-01,9,41.91,2,7.98,Big Spender,High Value,False
226,2005-08-01,10,37.90,9,41.91,Loyal,Low Value,False
227,2005-07-01,12,44.88,4,12.96,High Value,High Value,True
227,2005-08-01,5,15.95,12,44.88,Low Value,High Value,False
227,2006-02-01,1,4.99,5,15.95,Low Value,Low Value,True
228,2005-07-01,15,54.85,4,13.96,High Value,High Value,True
228,2005-08-01,4,13.96,15,54.85,Low Value,Low Value,True
228,2006-02-01,2,3.98,4,13.96,Low Value,High Value,False
229,2005-07-01,13,49.87,4,14.96,High Value,High Value,True
229,2005-08-01,7,27.93,13,49.87,Low Value,Low Value,True
229,2006-02-01,1,0.99,7,27.93,Low Value,Low Value,True
230,2005-07-01,15,58.85,6,20.94,High Value,High Value,True
230,2005-08-01,10,38.90,15,58.85,High Value,Low Value,False
231,2005-07-01,11,36.89,1,0.99,Loyal,High Value,False
231,2005-08-01,11,50.89,11,36.89,High Value,High Value,True
232,2005-07-01,14,57.86,2,9.98,High Value,High Value,True
232,2005-08-01,7,18.93,14,57.86,Low Value,Low Value,True
233,2005-07-01,13,55.87,4,13.96,High Value,High Value,True
233,2005-08-01,6,19.94,13,55.87,Low Value,Loyal,False
234,2005-07-01,3,14.97,8,36.92,Low Value,Low Value,True
234,2005-08-01,13,53.87,3,14.97,High Value,High Value,True
234,2006-02-01,1,0.99,13,53.87,Low Value,Low Value,True
235,2005-07-01,15,62.85,2,5.98,High Value,High Value,True
235,2005-08-01,6,20.94,15,62.85,Low Value,Low Value,True
236,2005-07-01,20,73.80,8,37.92,High Value,Low Value,False
236,2005-08-01,10,53.90,20,73.80,High Value,High Value,True
236,2006-02-01,1,0.99,10,53.90,Low Value,High Value,False
237,2005-07-01,15,64.85,5,12.95,High Value,Low Value,False
237,2005-08-01,11,60.89,15,64.85,High Value,Low Value,False
238,2005-07-01,9,42.91,3,10.97,Big Spender,Low Value,False
238,2005-08-01,7,32.93,9,42.91,Low Value,Low Value,True
239,2005-07-01,12,48.88,5,23.95,High Value,High Value,True
239,2005-08-01,11,35.89,12,48.88,Loyal,Loyal,True
240,2005-07-01,12,51.88,3,14.97,High Value,High Value,True
240,2005-08-01,8,39.92,12,51.88,Big Spender,High Value,False
241,2005-07-01,15,53.85,5,11.95,High Value,High Value,True
241,2005-08-01,12,44.88,15,53.85,High Value,High Value,True
242,2005-07-01,9,38.91,6,29.94,Big Spender,High Value,False
242,2005-08-01,14,59.86,9,38.91,High Value,High Value,True
243,2005-07-01,13,45.87,3,12.97,High Value,High Value,True
243,2005-08-01,7,18.93,13,45.87,Low Value,Low Value,True
244,2005-07-01,14,54.86,3,16.97,High Value,High Value,True
244,2005-08-01,12,45.88,14,54.86,High Value,High Value,True
244,2006-02-01,1,4.99,12,45.88,Low Value,High Value,False
245,2005-07-01,16,72.84,3,8.97,High Value,High Value,True
245,2005-08-01,6,18.94,16,72.84,Low Value,Low Value,True
245,2006-02-01,1,2.99,6,18.94,Low Value,Low Value,True
246,2005-07-01,6,27.94,5,12.95,Low Value,Low Value,True
246,2005-08-01,7,35.93,6,27.94,Low Value,Low Value,True
247,2005-07-01,7,33.93,1,5.99,Low Value,Low Value,True
247,2005-08-01,11,48.89,7,33.93,High Value,Low Value,False
248,2005-07-01,6,18.94,2,4.98,Low Value,High Value,False
248,2005-08-01,5,13.95,6,18.94,Low Value,Low Value,True
249,2005-07-01,8,47.92,5,19.95,Big Spender,Low Value,False
249,2005-08-01,6,20.94,8,47.92,Low Value,Low Value,True
250,2005-07-01,7,19.93,1,4.99,Low Value,High Value,False
250,2005-08-01,7,29.93,7,19.93,Low Value,Low Value,True
251,2005-07-01,11,41.89,3,17.97,High Value,High Value,True
251,2005-08-01,10,39.90,11,41.89,High Value,High Value,True
251,2006-02-01,1,0.99,10,39.90,Low Value,Low Value,True
252,2005-07-01,10,20.90,3,11.97,Loyal,High Value,False
252,2005-08-01,6,20.94,10,20.90,Low Value,Low Value,True
252,2006-02-01,1,4.99,6,20.94,Low Value,High Value,False
253,2005-07-01,9,33.91,6,29.94,Low Value,High Value,False
253,2005-08-01,11,52.89,9,33.91,High Value,Low Value,False
254,2005-07-01,13,55.87,5,13.95,High Value,High Value,True
254,2005-08-01,12,37.88,13,55.87,Loyal,Loyal,True
255,2005-07-01,7,23.93,4,15.96,Low Value,High Value,False
255,2005-08-01,7,30.93,7,23.93,Low Value,High Value,False
256,2005-07-01,6,12.94,7,30.93,Low Value,Low Value,True
256,2005-08-01,12,53.88,6,12.94,High Value,Low Value,False
257,2005-07-01,18,88.82,2,5.98,High Value,High Value,True
257,2005-08-01,14,47.86,18,88.82,High Value,Low Value,False
258,2005-07-01,10,44.90,3,12.97,High Value,High Value,True
258,2005-08-01,11,52.89,10,44.90,High Value,Low Value,False
259,2005-07-01,10,53.90,4,24.96,High Value,High Value,True
259,2005-08-01,15,73.85,10,53.90,High Value,High Value,True
260,2005-07-01,12,36.88,8,34.92,Loyal,Low Value,False
260,2005-08-01,10,41.90,12,36.88,High Value,High Value,True
261,2005-07-01,7,28.93,6,23.94,Low Value,High Value,False
261,2005-08-01,9,37.91,7,28.93,Low Value,Low Value,True
262,2005-07-01,11,47.89,4,20.96,High Value,Low Value,False
262,2005-08-01,12,45.88,11,47.89,High Value,Low Value,False
263,2005-07-01,13,43.87,2,10.98,High Value,High Value,True
263,2005-08-01,11,60.89,13,43.87,High Value,High Value,True
263,2006-02-01,1,0.99,11,60.89,Low Value,Low Value,True
264,2005-07-01,12,51.88,4,13.96,High Value,High Value,True
264,2005-08-01,8,29.92,12,51.88,Low Value,High Value,False
264,2006-02-01,1,2.99,8,29.92,Low Value,Low Value,True
265,2005-07-01,16,70.84,3,15.97,High Value,High Value,True
265,2005-08-01,9,45.91,16,70.84,Big Spender,Big Spender,True
266,2005-07-01,5,20.95,4,20.96,Low Value,Low Value,True
266,2005-08-01,17,71.83,5,20.95,High Value,High Value,True
267,2005-07-01,11,45.89,9,38.91,High Value,High Value,True
267,2005-08-01,11,49.89,11,45.89,High Value,Low Value,False
267,2006-02-01,2,7.98,11,49.89,Low Value,Low Value,True
268,2005-08-01,9,42.91,12,53.88,Big Spender,Loyal,False
269,2005-08-01,10,45.90,9,46.91,High Value,Low Value,False
269,2006-02-01,2,3.98,10,45.90,Low Value,Low Value,True
270,2005-08-01,12,44.88,7,30.93,High Value,Low Value,False
271,2005-08-01,7,25.93,9,30.91,Low Value,Low Value,True
272,2005-08-01,7,28.93,6,36.94,Low Value,High Value,False
273,2005-08-01,13,62.87,15,67.85,High Value,High Value,True
274,2005-08-01,16,69.84,10,45.90,High Value,Low Value,False
274,2006-02-01,1,0.99,16,69.84,Low Value,Low Value,True
275,2005-08-01,16,59.84,9,32.91,High Value,High Value,True
276,2005-08-01,12,48.88,11,45.89,High Value,Low Value,False
277,2005-08-01,12,61.88,12,46.88,High Value,High Value,True
278,2005-08-01,12,33.88,9,37.91,Loyal,High Value,False
279,2005-08-01,14,66.86,9,42.91,High Value,Low Value,False
279,2006-02-01,1,4.99,14,66.86,Low Value,Low Value,True
280,2005-08-01,12,68.88,11,34.89,High Value,High Value,True
281,2005-08-01,2,4.98,8,27.92,Low Value,Low Value,True
282,2005-08-01,4,13.96,15,64.85,Low Value,Low Value,True
282,2006-02-01,1,0.99,4,13.96,Low Value,High Value,False
283,2005-08-01,6,17.94,17,50.83,Low Value,Low Value,True
284,2005-08-01,8,41.92,12,60.88,Big Spender,Big Spender,True
284,2006-02-01,2,5.98,8,41.92,Low Value,Low Value,True
285,2005-08-01,10,48.90,13,68.87,High Value,Low Value,False
286,2005-08-01,7,19.93,17,76.83,Low Value,Low Value,True
287,2005-08-01,10,38.90,11,40.89,High Value,High Value,True
287,2006-02-01,1,0.99,10,38.90,Low Value,Low Value,True
288,2005-08-01,10,29.90,9,22.91,Loyal,Loyal,True
289,2005-08-01,12,54.88,12,49.88,High Value,Low Value,False
290,2005-08-01,8,28.92,14,51.86,Low Value,Low Value,True
291,2005-08-01,5,20.95,12,52.88,Low Value,Low Value,True
292,2005-08-01,6,27.94,16,74.84,Low Value,Low Value,True
293,2005-08-01,11,60.89,10,46.90,High Value,High Value,True
294,2005-08-01,13,57.87,10,47.90,High Value,Low Value,False
295,2005-08-01,9,36.91,18,87.82,Low Value,Low Value,True
295,2006-02-01,1,0.99,9,36.91,Low Value,Low Value,True
296,2005-08-01,10,45.90,12,54.88,High Value,High Value,True
296,2006-02-01,1,2.99,10,45.90,Low Value,Low Value,True
297,2005-08-01,13,50.87,13,48.87,High Value,High Value,True
298,2005-08-01,11,45.89,10,32.90,High Value,High Value,True
299,2005-08-01,10,39.90,11,44.89,High Value,High Value,True
300,2005-08-01,11,58.89,14,59.86,High Value,High Value,True
300,2006-02-01,1,4.99,11,58.89,Low Value,Low Value,True
301,2005-08-01,5,22.95,10,48.90,Low Value,Low Value,True
302,2005-08-01,11,45.89,15,67.85,High Value,High Value,True
303,2005-08-01,10,33.90,9,36.91,Loyal,Low Value,False
304,2005-08-01,7,26.93,12,52.88,Low Value,Low Value,True
305,2005-08-01,10,42.90,10,44.90,High Value,Low Value,False
306,2005-08-01,14,65.86,14,53.86,High Value,High Value,True
307,2005-08-01,7,29.93,13,62.87,Low Value,Low Value,True
308,2005-08-01,13,53.87,6,27.94,High Value,Low Value,False
309,2005-08-01,9,36.91,16,76.84,Low Value,Low Value,True
310,2005-08-01,5,26.95,8,41.92,Low Value,Low Value,True
311,2005-08-01,7,34.93,8,45.92,Low Value,Low Value,True
312,2005-08-01,9,32.91,11,48.89,Low Value,Low Value,True
313,2005-08-01,9,38.91,7,24.93,Big Spender,High Value,False
314,2005-08-01,11,45.89,18,67.82,High Value,High Value,True
315,2005-08-01,5,16.95,8,47.92,Low Value,Low Value,True
315,2006-02-01,1,2.99,5,16.95,Low Value,Low Value,True
316,2005-08-01,7,24.93,12,55.88,Low Value,High Value,False
317,2005-08-01,11,44.89,12,50.88,High Value,Low Value,False
317,2006-02-01,1,0.99,11,44.89,Low Value,High Value,False
318,2005-08-01,1,2.99,6,24.94,Low Value,Big Spender,False
319,2005-08-01,9,40.91,12,52.88,Big Spender,Low Value,False
320,2005-08-01,4,7.96,11,39.89,Low Value,Low Value,True
321,2005-08-01,7,42.93,10,50.90,Big Spender,Big Spender,True
322,2005-08-01,7,35.93,12,45.88,Low Value,High Value,False
323,2005-08-01,10,32.90,15,58.85,Loyal,Low Value,False
324,2005-08-01,9,41.91,12,50.88,Big Spender,Low Value,False
324,2006-02-01,1,2.99,9,41.91,Low Value,Low Value,True
325,2005-08-01,8,30.92,10,41.90,Low Value,Low Value,True
326,2005-08-01,6,17.94,12,46.88,Low Value,High Value,False
327,2005-08-01,13,58.87,5,12.95,High Value,Low Value,False
327,2006-02-01,1,2.99,13,58.87,Low Value,High Value,False
328,2005-08-01,11,40.89,6,24.94,High Value,Big Spender,False
329,2005-08-01,10,45.90,13,52.87,High Value,High Value,True
330,2005-08-01,5,15.95,12,41.88,Low Value,Low Value,True
330,2006-02-01,1,2.99,5,15.95,Low Value,Low Value,True
331,2005-08-01,10,41.90,12,63.88,High Value,High Value,True
332,2005-08-01,9,28.91,17,78.83,Low Value,Low Value,True
333,2005-08-01,9,37.91,13,51.87,Low Value,Low Value,True
334,2005-08-01,13,53.87,11,53.89,High Value,High Value,True
334,2006-02-01,1,0.99,13,53.87,Low Value,Low Value,True
335,2005-08-01,6,16.94,15,55.85,Low Value,Low Value,True
335,2006-02-01,1,0.99,6,16.94,Low Value,Low Value,True
336,2005-08-01,9,39.91,12,52.88,Big Spender,Low Value,False
336,2006-02-01,1,0.99,9,39.91,Low Value,Low Value,True
337,2005-08-01,11,47.89,12,62.88,High Value,High Value,True
337,2006-02-01,1,0.99,11,47.89,Low Value,Low Value,True
338,2005-08-01,10,37.90,10,40.90,Loyal,Loyal,True
339,2005-08-01,11,42.89,13,52.87,High Value,High Value,True
340,2005-08-01,14,52.86,9,30.91,High Value,Low Value,False
341,2005-07-01,7,29.93,6,34.94,Low Value,Low Value,True
341,2005-08-01,9,38.91,7,29.93,Big Spender,Low Value,False
342,2005-07-01,12,45.88,3,14.97,High Value,High Value,True
342,2005-08-01,17,69.83,12,45.88,High Value,High Value,True
343,2005-07-01,9,54.91,7,30.93,Big Spender,Low Value,False
343,2005-08-01,7,20.93,9,54.91,Low Value,Low Value,True
344,2005-07-01,6,28.94,3,9.97,Low Value,High Value,False
344,2005-08-01,7,25.93,6,28.94,Low Value,Low Value,True
345,2005-07-01,10,49.90,4,11.96,High Value,High Value,True
345,2005-08-01,7,42.93,10,49.90,Big Spender,Low Value,False
346,2005-07-01,15,83.85,3,11.97,High Value,High Value,True
346,2005-08-01,12,49.88,15,83.85,High Value,High Value,True
347,2005-07-01,17,65.83,5,31.95,High Value,High Value,True
347,2005-08-01,8,44.92,17,65.83,Big Spender,Big Spender,True
348,2005-07-01,16,70.84,3,12.97,High Value,High Value,True
348,2005-08-01,15,60.85,16,70.84,High Value,Big Spender,False
349,2005-07-01,12,45.88,4,19.96,High Value,High Value,True
349,2005-08-01,11,64.89,12,45.88,High Value,High Value,True
349,2006-02-01,1,2.99,11,64.89,Low Value,Low Value,True
350,2005-07-01,8,24.92,4,8.96,Low Value,Low Value,True
350,2005-08-01,9,29.91,8,24.92,Low Value,Low Value,True
351,2005-07-01,13,50.87,3,9.97,High Value,High Value,True
351,2005-08-01,7,26.93,13,50.87,Low Value,High Value,False
352,2005-07-01,9,43.91,5,20.95,Big Spender,High Value,False
352,2005-08-01,7,28.93,9,43.91,Low Value,Low Value,True
352,2006-02-01,1,2.99,7,28.93,Low Value,Low Value,True
353,2005-07-01,5,18.95,3,17.97,Low Value,High Value,False
353,2005-08-01,9,28.91,5,18.95,Low Value,Low Value,True
354,2005-07-01,19,67.81,4,15.96,High Value,High Value,True
354,2005-08-01,8,33.92,19,67.81,Low Value,Low Value,True
354,2006-02-01,2,7.98,8,33.92,Low Value,Low Value,True
355,2005-07-01,11,52.89,2,3.98,High Value,High Value,True
355,2005-08-01,5,10.95,11,52.89,Low Value,High Value,False
355,2006-02-01,1,0.99,5,10.95,Low Value,High Value,False
356,2005-07-01,13,50.87,3,8.97,High Value,High Value,True
356,2005-08-01,13,56.87,13,50.87,High Value,High Value,True
357,2005-07-01,12,42.88,4,16.96,High Value,High Value,True
357,2005-08-01,7,20.93,12,42.88,Low Value,Low Value,True
358,2005-07-01,7,19.93,6,18.94,Low Value,Low Value,True
358,2005-08-01,7,36.93,7,19.93,Low Value,Low Value,True
359,2005-07-01,9,39.91,4,12.96,Big Spender,High Value,False
359,2005-08-01,8,27.92,9,39.91,Low Value,Low Value,True
359,2006-02-01,1,4.99,8,27.92,Low Value,Low Value,True
360,2005-07-01,17,69.83,4,18.96,High Value,High Value,True
360,2005-08-01,11,55.89,17,69.83,High Value,High Value,True
361,2005-07-01,10,29.90,4,12.96,Loyal,High Value,False
361,2005-08-01,13,42.87,10,29.90,High Value,High Value,True
361,2006-02-01,2,3.98,13,42.87,Low Value,High Value,False
362,2005-07-01,15,61.85,5,14.95,High Value,High Value,True
362,2005-08-01,11,63.89,15,61.85,High Value,Low Value,False
363,2005-07-01,15,69.85,5,22.95,High Value,High Value,True
363,2005-08-01,8,46.92,15,69.85,Big Spender,Big Spender,True
364,2005-07-01,8,35.92,5,19.95,Low Value,Low Value,True
364,2005-08-01,9,33.91,8,35.92,Low Value,High Value,False
365,2005-07-01,10,44.90,5,17.95,High Value,Low Value,False
365,2005-08-01,6,29.94,10,44.90,Low Value,Low Value,True
366,2005-07-01,19,82.81,2,2.98,High Value,High Value,True
366,2005-08-01,14,54.86,19,82.81,High Value,High Value,True
366,2006-02-01,1,4.99,14,54.86,Low Value,High Value,False
367,2005-07-01,11,46.89,1,0.99,High Value,High Value,True
367,2005-08-01,8,49.92,11,46.89,Big Spender,Big Spender,True
368,2005-07-01,12,51.88,6,30.94,High Value,High Value,True
368,2005-08-01,13,56.87,12,51.88,High Value,High Value,True
369,2005-07-01,12,45.88,1,0.99,High Value,High Value,True
369,2005-08-01,7,21.93,12,45.88,Low Value,High Value,False
369,2006-02-01,1,0.99,7,21.93,Low Value,Low Value,True
370,2005-07-01,8,27.92,1,6.99,Low Value,Low Value,True
370,2005-08-01,10,35.90,8,27.92,Loyal,Low Value,False
371,2005-07-01,12,46.88,7,23.93,High Value,High Value,True
371,2005-08-01,10,52.90,12,46.88,High Value,High Value,True
372,2005-07-01,16,77.84,3,11.97,High Value,High Value,True
372,2005-08-01,13,62.87,16,77.84,High Value,High Value,True
373,2005-07-01,16,68.84,2,9.98,High Value,High Value,True
373,2005-08-01,15,76.85,16,68.84,High Value,Low Value,False
373,2006-02-01,1,0.99,15,76.85,Low Value,Big Spender,False
374,2005-07-01,10,38.90,4,11.96,High Value,High Value,True
374,2005-08-01,10,44.90,10,38.90,High Value,Low Value,False
374,2006-02-01,1,2.99,10,44.90,Low Value,Low Value,True
375,2005-07-01,5,22.95,3,13.97,Low Value,High Value,False
375,2005-08-01,12,51.88,5,22.95,High Value,High Value,True
376,2005-07-01,15,69.85,2,1.98,High Value,High Value,True
376,2005-08-01,10,37.90,15,69.85,Loyal,Big Spender,False
377,2005-07-01,11,41.89,5,14.95,High Value,High Value,True
377,2005-08-01,10,36.90,11,41.89,Loyal,High Value,False
378,2005-07-01,8,20.92,4,23.96,Low Value,High Value,False
378,2005-08-01,6,25.94,8,20.92,Low Value,Low Value,True
379,2005-07-01,6,30.94,3,17.97,Low Value,High Value,False
379,2005-08-01,12,47.88,6,30.94,High Value,High Value,True
380,2005-07-01,14,58.86,8,27.92,High Value,Low Value,False
380,2005-08-01,13,45.87,14,58.86,High Value,High Value,True
381,2005-07-01,14,37.86,5,16.95,Loyal,Low Value,False
381,2005-08-01,13,44.87,14,37.86,High Value,High Value,True
382,2005-07-01,10,39.90,5,15.95,High Value,Low Value,False
382,2005-08-01,7,29.93,10,39.90,Low Value,Low Value,True
383,2005-07-01,9,26.91,6,27.94,Low Value,Low Value,True
383,2005-08-01,10,38.90,9,26.91,High Value,High Value,True
384,2005-07-01,8,18.92,7,34.93,Low Value,Low Value,True
384,2005-08-01,6,23.94,8,18.92,Low Value,Low Value,True
385,2005-07-01,11,44.89,3,4.97,High Value,High Value,True
385,2005-08-01,10,43.90,11,44.89,High Value,High Value,True
386,2005-07-01,13,54.87,5,16.95,High Value,Low Value,False
386,2005-08-01,10,37.90,13,54.87,Loyal,Loyal,True
387,2005-07-01,5,21.95,6,14.94,Low Value,Low Value,True
387,2005-08-01,11,42.89,5,21.95,High Value,Low Value,False
388,2005-07-01,11,35.89,5,26.95,Loyal,Loyal,True
388,2005-08-01,11,50.89,11,35.89,High Value,High Value,True
388,2006-02-01,1,0.99,11,50.89,Low Value,High Value,False
389,2005-07-01,11,50.89,3,13.97,High Value,High Value,True
389,2005-08-01,11,54.89,11,50.89,High Value,High Value,True
390,2005-07-01,14,56.86,5,25.95,High Value,Low Value,False
390,2005-08-01,12,59.88,14,56.86,High Value,Low Value,False
391,2005-07-01,11,37.89,5,10.95,Loyal,High Value,False
391,2005-08-01,9,30.91,11,37.89,Low Value,Low Value,True
392,2005-07-01,8,23.92,4,17.96,Low Value,Low Value,True
392,2005-08-01,11,49.89,8,23.92,High Value,Low Value,False
393,2005-07-01,13,60.87,5,19.95,High Value,Low Value,False
393,2005-08-01,11,34.89,13,60.87,Loyal,High Value,False
394,2005-07-01,10,38.90,1,4.99,High Value,High Value,True
394,2005-08-01,8,28.92,10,38.90,Low Value,Low Value,True
394,2006-02-01,1,4.99,8,28.92,Low Value,Low Value,True
395,2005-07-01,7,24.93,6,15.94,Low Value,Low Value,True
395,2005-08-01,6,16.94,7,24.93,Low Value,High Value,False
396,2005-07-01,12,39.88,3,13.97,High Value,High Value,True
396,2005-08-01,11,51.89,12,39.88,High Value,Low Value,False
397,2005-07-01,13,50.87,2,7.98,High Value,High Value,True
397,2005-08-01,13,45.87,13,50.87,High Value,High Value,True
398,2005-07-01,7,33.93,3,19.97,Low Value,High Value,False
398,2005-08-01,5,19.95,7,33.93,Low Value,Low Value,True
399,2005-07-01,8,30.92,2,8.98,Low Value,High Value,False
399,2005-08-01,8,33.92,8,30.92,Low Value,Low Value,True
400,2005-07-01,10,51.90,3,11.97,High Value,High Value,True
400,2005-08-01,11,41.89,10,51.90,High Value,High Value,True
401,2005-08-01,9,25.91,9,35.91,Low Value,Low Value,True
402,2005-07-01,12,52.88,3,12.97,High Value,High Value,True
402,2005-08-01,4,11.96,12,52.88,Low Value,Low Value,True
403,2005-07-01,12,61.88,6,35.94,High Value,High Value,True
403,2005-08-01,15,64.85,12,61.88,High Value,High Value,True
404,2005-07-01,14,59.86,4,15.96,High Value,High Value,True
404,2005-08-01,11,57.89,14,59.86,High Value,High Value,True
405,2005-07-01,11,29.89,6,26.94,Loyal,High Value,False
405,2005-08-01,12,43.88,11,29.89,High Value,High Value,True
405,2006-02-01,1,0.99,12,43.88,Low Value,High Value,False
406,2005-07-01,18,68.82,7,26.93,High Value,High Value,True
406,2005-08-01,6,25.94,18,68.82,Low Value,High Value,False
407,2005-07-01,11,49.89,2,3.98,High Value,High Value,True
407,2005-08-01,13,50.87,11,49.89,High Value,Low Value,False
408,2005-07-01,12,45.88,3,10.97,High Value,Low Value,False
408,2005-08-01,12,46.88,12,45.88,High Value,High Value,True
409,2005-07-01,15,58.85,2,14.98,High Value,High Value,True
409,2005-08-01,5,23.95,15,58.85,Low Value,Low Value,True
410,2005-07-01,14,54.86,6,22.94,High Value,High Value,True
410,2005-08-01,17,86.83,14,54.86,High Value,High Value,True
410,2006-02-01,1,2.99,17,86.83,Low Value,Low Value,True
411,2005-07-01,12,32.88,3,4.97,Loyal,High Value,False
411,2005-08-01,8,30.92,12,32.88,Low Value,Low Value,True
411,2006-02-01,1,4.99,8,30.92,Low Value,Low Value,True
412,2005-07-01,7,26.93,1,2.99,Low Value,High Value,False
412,2005-08-01,8,43.92,7,26.93,Big Spender,High Value,False
412,2006-02-01,1,0.99,8,43.92,Low Value,Low Value,True
413,2005-07-01,6,20.94,2,10.98,Low Value,High Value,False
413,2005-08-01,11,33.89,6,20.94,Loyal,High Value,False
414,2005-07-01,10,40.90,3,20.97,High Value,High Value,True
414,2005-08-01,10,34.90,10,40.90,Loyal,Loyal,True
415,2005-07-01,11,40.89,2,7.98,High Value,High Value,True
415,2005-08-01,9,39.91,11,40.89,Big Spender,High Value,False
416,2005-07-01,10,36.90,5,12.95,Loyal,Low Value,False
416,2005-08-01,13,63.87,10,36.90,High Value,High Value,True
417,2005-07-01,7,35.93,1,3.99,Low Value,High Value,False
417,2005-08-01,13,48.87,7,35.93,High Value,Low Value,False
417,2006-02-01,1,2.99,13,48.87,Low Value,High Value,False
418,2005-07-01,10,45.90,3,8.97,High Value,High Value,True
418,2005-08-01,17,52.83,10,45.90,High Value,Low Value,False
419,2005-07-01,13,39.87,1,2.99,High Value,High Value,True
419,2005-08-01,10,43.90,13,39.87,High Value,High Value,True
420,2005-07-01,11,39.89,3,5.97,High Value,Low Value,False
420,2005-08-01,6,28.94,11,39.89,Low Value,Low Value,True
421,2005-07-01,12,57.88,3,12.97,High Value,High Value,True
421,2005-08-01,9,45.91,12,57.88,Big Spender,Big Spender,True
421,2006-02-01,1,0.99,9,45.91,Low Value,Low Value,True
422,2005-07-01,7,21.93,4,14.96,Low Value,High Value,False
422,2005-08-01,13,56.87,7,21.93,High Value,Low Value,False
422,2006-02-01,1,2.99,13,56.87,Low Value,Low Value,True
423,2005-07-01,13,58.87,5,27.95,High Value,High Value,True
423,2005-08-01,8,33.92,13,58.87,Low Value,High Value,False
424,2005-07-01,16,58.84,3,12.97,High Value,High Value,True
424,2005-08-01,9,36.91,16,58.84,Low Value,Low Value,True
424,2006-02-01,1,0.99,9,36.91,Low Value,Low Value,True
425,2005-07-01,17,67.83,1,6.99,High Value,Low Value,False
425,2005-08-01,7,23.93,17,67.83,Low Value,Low Value,True
426,2005-07-01,11,65.89,5,19.95,High Value,Low Value,False
426,2005-08-01,10,39.90,11,65.89,High Value,High Value,True
427,2005-07-01,10,49.90,5,18.95,High Value,Low Value,False
427,2005-08-01,8,38.92,10,49.90,Big Spender,Low Value,False
428,2005-07-01,11,49.89,5,14.95,High Value,High Value,True
428,2005-08-01,3,8.97,11,49.89,Low Value,Low Value,True
429,2005-07-01,9,45.91,4,19.96,Big Spender,High Value,False
429,2005-08-01,3,12.97,9,45.91,Low Value,Low Value,True
430,2005-07-01,7,33.93,6,15.94,Low Value,Low Value,True
430,2005-08-01,7,21.93,7,33.93,Low Value,Low Value,True
431,2005-07-01,5,17.95,7,35.93,Low Value,Low Value,True
431,2005-08-01,9,35.91,5,17.95,Low Value,Low Value,True
431,2006-02-01,1,2.99,9,35.91,Low Value,Low Value,True
432,2005-07-01,12,56.88,3,13.97,High Value,High Value,True
432,2005-08-01,5,22.95,12,56.88,Low Value,Low Value,True
433,2005-08-01,9,47.91,14,65.86,Big Spender,Low Value,False
434,2005-07-01,9,40.91,7,28.93,Big Spender,Low Value,False
434,2005-08-01,10,52.90,9,40.91,High Value,Low Value,False
435,2005-07-01,10,43.90,2,1.98,High Value,High Value,True
435,2005-08-01,11,32.89,10,43.90,Loyal,High Value,False
436,2005-07-01,12,52.88,1,9.99,High Value,High Value,True
436,2005-08-01,14,63.86,12,52.88,High Value,Low Value,False
437,2005-07-01,10,44.90,3,11.97,High Value,High Value,True
437,2005-08-01,7,28.93,10,44.90,Low Value,Low Value,True
438,2005-07-01,14,54.86,6,17.94,High Value,High Value,True
438,2005-08-01,9,47.91,14,54.86,Big Spender,High Value,False
438,2006-02-01,1,0.99,9,47.91,Low Value,Low Value,True
439,2005-07-01,12,45.88,6,23.94,High Value,High Value,True
439,2005-08-01,15,67.85,12,45.88,High Value,High Value,True
440,2005-08-01,8,30.92,12,47.88,Low Value,Low Value,True
440,2006-02-01,1,4.99,8,30.92,Low Value,Low Value,True
441,2005-07-01,17,66.83,2,9.98,High Value,High Value,True
441,2005-08-01,7,25.93,17,66.83,Low Value,Big Spender,False
441,2006-02-01,1,4.99,7,25.93,Low Value,Low Value,True
442,2005-07-01,16,60.84,4,18.96,High Value,High Value,True
442,2005-08-01,9,24.91,16,60.84,Low Value,Low Value,True
443,2005-07-01,10,54.90,1,2.99,High Value,High Value,True
443,2005-08-01,10,35.90,10,54.90,Loyal,Low Value,False
444,2005-07-01,8,27.92,6,25.94,Low Value,Low Value,True
444,2005-08-01,14,51.86,8,27.92,High Value,Low Value,False
445,2005-08-01,14,66.86,10,29.90,High Value,High Value,True
446,2005-07-01,17,71.83,6,20.94,High Value,High Value,True
446,2005-08-01,5,16.95,17,71.83,Low Value,Low Value,True
447,2005-07-01,11,50.89,4,13.96,High Value,High Value,True
447,2005-08-01,12,44.88,11,50.89,High Value,High Value,True
448,2005-07-01,10,43.90,5,24.95,High Value,High Value,True
448,2005-08-01,10,54.90,10,43.90,High Value,High Value,True
448,2006-02-01,2,3.98,10,54.90,Low Value,Low Value,True
449,2005-07-01,8,36.92,3,8.97,Low Value,High Value,False
449,2005-08-01,6,34.94,8,36.92,Low Value,Low Value,True
450,2005-07-01,7,26.93,7,22.93,Low Value,Low Value,True
450,2005-08-01,10,34.90,7,26.93,Loyal,High Value,False
450,2006-02-01,1,0.99,10,34.90,Low Value,High Value,False
451,2005-07-01,7,37.93,7,22.93,Low Value,Low Value,True
451,2005-08-01,16,60.84,7,37.93,High Value,High Value,True
452,2005-07-01,13,45.87,7,22.93,High Value,Low Value,False
452,2005-08-01,8,25.92,13,45.87,Low Value,Low Value,True
452,2006-02-01,1,4.99,8,25.92,Low Value,Low Value,True
453,2005-07-01,10,46.90,3,18.97,High Value,High Value,True
453,2005-08-01,10,45.90,10,46.90,High Value,High Value,True
454,2005-07-01,11,45.89,10,52.90,High Value,Low Value,False
454,2005-08-01,11,44.89,11,45.89,High Value,Low Value,False
455,2005-07-01,9,45.91,4,7.96,Big Spender,Big Spender,True
455,2005-08-01,9,31.91,9,45.91,Low Value,Low Value,True
456,2005-07-01,7,24.93,7,25.93,Low Value,Low Value,True
456,2005-08-01,10,44.90,7,24.93,High Value,High Value,True
457,2005-07-01,7,27.93,9,30.91,Low Value,Low Value,True
457,2005-08-01,9,43.91,7,27.93,Big Spender,Low Value,False
457,2006-02-01,2,3.98,9,43.91,Low Value,Low Value,True
458,2005-07-01,9,31.91,2,6.98,Low Value,High Value,False
458,2005-08-01,8,27.92,9,31.91,Low Value,Low Value,True
459,2005-07-01,18,89.82,7,25.93,High Value,Low Value,False
459,2005-08-01,12,67.88,18,89.82,High Value,High Value,True
460,2005-07-01,8,41.92,1,0.99,Big Spender,High Value,False
460,2005-08-01,12,54.88,8,41.92,High Value,Low Value,False
461,2005-07-01,11,26.89,2,10.98,Loyal,High Value,False
461,2005-08-01,14,52.86,11,26.89,High Value,Low Value,False
462,2005-07-01,16,74.84,3,20.97,High Value,High Value,True
462,2005-08-01,12,56.88,16,74.84,High Value,Low Value,False
463,2005-07-01,10,30.90,4,15.96,Loyal,High Value,False
463,2005-08-01,10,42.90,10,30.90,High Value,High Value,True
464,2005-07-01,6,32.94,2,7.98,Low Value,High Value,False
464,2005-08-01,6,26.94,6,32.94,Low Value,Low Value,True
465,2005-07-01,3,7.97,4,17.96,Low Value,Low Value,True
465,2005-08-01,9,42.91,3,7.97,Big Spender,Big Spender,True
466,2005-07-01,7,23.93,5,28.95,Low Value,Low Value,True
466,2005-08-01,10,48.90,7,23.93,High Value,High Value,True
467,2005-07-01,13,66.87,4,30.96,High Value,High Value,True
467,2005-08-01,11,36.89,13,66.87,Loyal,Loyal,True
468,2005-07-01,14,58.86,6,23.94,High Value,High Value,True
468,2005-08-01,14,71.86,14,58.86,High Value,High Value,True
469,2005-07-01,18,80.82,2,10.98,High Value,High Value,True
469,2005-08-01,15,66.85,18,80.82,High Value,High Value,True
470,2005-07-01,17,96.83,3,9.97,High Value,High Value,True
470,2005-08-01,11,50.89,17,96.83,High Value,High Value,True
471,2005-07-01,9,29.91,5,20.95,Low Value,High Value,False
471,2005-08-01,12,55.88,9,29.91,High Value,High Value,True
472,2005-07-01,9,48.91,6,24.94,Big Spender,Big Spender,True
472,2005-08-01,10,52.90,9,48.91,High Value,Low Value,False
472,2006-02-01,1,4.99,10,52.90,Low Value,Low Value,True
473,2005-07-01,13,57.87,4,13.96,High Value,High Value,True
473,2005-08-01,14,50.86,13,57.87,High Value,Low Value,False
474,2005-07-01,10,31.90,2,16.98,Loyal,Loyal,True
474,2005-08-01,12,42.88,10,31.90,High Value,High Value,True
474,2006-02-01,1,0.99,12,42.88,Low Value,Low Value,True
475,2005-08-01,7,25.93,15,71.85,Low Value,Low Value,True
476,2005-07-01,9,39.91,4,12.96,Big Spender,High Value,False
476,2005-08-01,6,33.94,9,39.91,Low Value,Low Value,True
476,2006-02-01,1,0.99,6,33.94,Low Value,Low Value,True
477,2005-07-01,10,58.90,4,25.96,High Value,High Value,True
477,2005-08-01,7,21.93,10,58.90,Low Value,Low Value,True
478,2005-07-01,7,28.93,6,31.94,Low Value,High Value,False
478,2005-08-01,6,25.94,7,28.93,Low Value,Low Value,True
479,2005-07-01,15,79.85,6,23.94,High Value,High Value,True
479,2005-08-01,7,29.93,15,79.85,Low Value,Low Value,True
479,2006-02-01,1,0.99,7,29.93,Low Value,Low Value,True
480,2005-07-01,8,43.92,2,1.98,Big Spender,High Value,False
480,2005-08-01,9,37.91,8,43.92,Low Value,Low Value,True
481,2005-07-01,13,57.87,4,13.96,High Value,High Value,True
481,2005-08-01,11,37.89,13,57.87,Loyal,Low Value,False
482,2005-07-01,12,69.88,2,3.98,High Value,High Value,True
482,2005-08-01,12,51.88,12,69.88,High Value,High Value,True
483,2005-07-01,9,48.91,3,14.97,Big Spender,High Value,False
483,2005-08-01,5,17.95,9,48.91,Low Value,Low Value,True
484,2005-07-01,15,77.85,4,18.96,High Value,High Value,True
484,2005-08-01,8,31.92,15,77.85,Low Value,Low Value,True
485,2005-07-01,18,63.82,2,11.98,High Value,High Value,True
485,2005-08-01,8,36.92,18,63.82,Low Value,Low Value,True
486,2005-07-01,12,58.88,4,16.96,High Value,High Value,True
486,2005-08-01,7,24.93,12,58.88,Low Value,Low Value,True
487,2005-07-01,14,46.86,1,3.99,High Value,High Value,True
487,2005-08-01,11,68.89,14,46.86,High Value,Low Value,False
488,2005-07-01,11,50.89,2,9.98,High Value,High Value,True
488,2005-08-01,9,34.91,11,50.89,Low Value,High Value,False
489,2005-07-01,5,17.95,4,17.96,Low Value,Low Value,True
489,2005-08-01,10,55.90,5,17.95,High Value,Low Value,False
490,2005-07-01,14,64.86,1,3.99,High Value,High Value,True
490,2005-08-01,7,36.93,14,64.86,Low Value,Low Value,True
491,2005-07-01,11,60.89,7,31.93,High Value,Loyal,False
491,2005-08-01,7,27.93,11,60.89,Low Value,Low Value,True
492,2005-07-01,7,26.93,4,21.96,Low Value,Low Value,True
492,2005-08-01,4,13.96,7,26.93,Low Value,High Value,False
493,2005-07-01,8,42.92,4,12.96,Big Spender,High Value,False
493,2005-08-01,9,45.91,8,42.92,Big Spender,Low Value,False
493,2006-02-01,1,2.99,9,45.91,Low Value,Low Value,True
494,2005-07-01,18,80.82,1,2.99,High Value,High Value,True
494,2005-08-01,11,51.89,18,80.82,High Value,High Value,True
495,2005-07-01,11,56.89,4,19.96,High Value,High Value,True
495,2005-08-01,8,32.92,11,56.89,Low Value,Low Value,True
495,2006-02-01,1,0.99,8,32.92,Low Value,Low Value,True
496,2005-07-01,8,29.92,1,2.99,Low Value,High Value,False
496,2005-08-01,9,46.91,8,29.92,Big Spender,Low Value,False
496,2006-02-01,1,2.99,9,46.91,Low Value,Low Value,True
497,2005-07-01,14,67.86,4,22.96,High Value,High Value,True
497,2005-08-01,8,25.92,14,67.86,Low Value,High Value,False
497,2006-02-01,1,4.99,8,25.92,Low Value,Low Value,True
498,2005-07-01,15,51.85,6,19.94,High Value,Low Value,False
498,2005-08-01,3,10.97,15,51.85,Low Value,Low Value,True
499,2005-07-01,12,43.88,4,14.96,High Value,High Value,True
499,2005-08-01,13,61.87,12,43.88,High Value,High Value,True
500,2005-07-01,11,38.89,5,25.95,High Value,Low Value,False
500,2005-08-01,9,31.91,11,38.89,Low Value,Low Value,True
501,2005-07-01,9,36.91,2,13.98,Low Value,Low Value,True
501,2005-08-01,8,35.92,9,36.91,Low Value,Low Value,True
502,2005-07-01,15,73.85,3,9.97,High Value,High Value,True
502,2005-08-01,12,46.88,15,73.85,High Value,High Value,True
503,2005-07-01,10,41.90,3,8.97,High Value,High Value,True
503,2005-08-01,15,48.85,10,41.90,High Value,Low Value,False
504,2005-07-01,11,57.89,2,8.98,High Value,High Value,True
504,2005-08-01,12,50.88,11,57.89,High Value,High Value,True
505,2005-07-01,6,33.94,4,24.96,Low Value,High Value,False
505,2005-08-01,8,27.92,6,33.94,Low Value,Low Value,True
505,2006-02-01,1,4.99,8,27.92,Low Value,Low Value,True
506,2005-07-01,10,46.90,5,27.95,High Value,High Value,True
506,2005-08-01,13,48.87,10,46.90,High Value,High Value,True
507,2005-07-01,15,49.85,3,14.97,High Value,High Value,True
507,2005-08-01,5,24.95,15,49.85,Low Value,Low Value,True
508,2005-07-01,14,74.86,1,4.99,High Value,High Value,True
508,2005-08-01,7,40.93,14,74.86,Big Spender,Big Spender,True
508,2006-02-01,1,0.99,7,40.93,Low Value,Low Value,True
509,2005-07-01,9,41.91,2,7.98,Big Spender,High Value,False
509,2005-08-01,7,36.93,9,41.91,Low Value,Low Value,True
510,2005-07-01,10,46.90,8,33.92,High Value,Low Value,False
510,2005-08-01,5,21.95,10,46.90,Low Value,High Value,False
511,2005-07-01,11,35.89,4,21.96,Loyal,Low Value,False
511,2005-08-01,7,34.93,11,35.89,Low Value,High Value,False
512,2005-07-01,9,36.91,3,14.97,Low Value,High Value,False
512,2005-08-01,13,62.87,9,36.91,High Value,Low Value,False
512,2006-02-01,1,0.99,13,62.87,Low Value,Low Value,True
513,2005-07-01,13,60.87,3,12.97,High Value,High Value,True
513,2005-08-01,14,69.86,13,60.87,High Value,High Value,True
514,2005-07-01,4,17.96,6,14.94,Low Value,Low Value,True
514,2005-08-01,11,36.89,4,17.96,Loyal,Low Value,False
515,2005-07-01,8,30.92,6,25.94,Low Value,Low Value,True
515,2005-08-01,12,53.88,8,30.92,High Value,Low Value,False
516,2005-07-01,9,46.91,6,22.94,Big Spender,High Value,False
516,2005-08-01,7,16.93,9,46.91,Low Value,Low Value,True
516,2006-02-01,2,5.98,7,16.93,Low Value,Low Value,True
517,2005-07-01,12,50.88,5,22.95,High Value,High Value,True
517,2005-08-01,7,26.93,12,50.88,Low Value,Low Value,True
518,2005-07-01,13,55.87,2,6.98,High Value,High Value,True
518,2005-08-01,10,45.90,13,55.87,High Value,Loyal,False
519,2005-07-01,13,51.87,3,17.97,High Value,High Value,True
519,2005-08-01,6,29.94,13,51.87,Low Value,Low Value,True
520,2005-07-01,14,60.86,3,12.97,High Value,High Value,True
520,2005-08-01,14,53.86,14,60.86,High Value,High Value,True
521,2005-07-01,9,31.91,2,1.98,Low Value,High Value,False
521,2005-08-01,11,41.89,9,31.91,High Value,Low Value,False
521,2006-02-01,1,4.99,11,41.89,Low Value,High Value,False
522,2005-07-01,18,96.82,4,16.96,High Value,High Value,True
522,2005-08-01,10,47.90,18,96.82,High Value,High Value,True
523,2005-07-01,10,41.90,4,24.96,High Value,High Value,True
523,2005-08-01,6,20.94,10,41.90,Low Value,Low Value,True
524,2005-07-01,8,48.92,3,9.97,Big Spender,High Value,False
524,2005-08-01,6,22.94,8,48.92,Low Value,Low Value,True
525,2005-07-01,11,49.89,1,2.99,High Value,High Value,True
525,2005-08-01,5,12.95,11,49.89,Low Value,Low Value,True
525,2006-02-01,1,2.99,5,12.95,Low Value,Low Value,True
526,2005-07-01,19,86.81,9,41.91,High Value,Low Value,False
526,2005-08-01,14,79.86,19,86.81,High Value,Low Value,False
527,2005-07-01,9,26.91,4,7.96,Low Value,Big Spender,False
527,2005-08-01,10,43.90,9,26.91,High Value,High Value,True
527,2006-02-01,1,2.99,10,43.90,Low Value,High Value,False
528,2005-07-01,11,56.89,2,7.98,High Value,High Value,True
528,2005-08-01,7,28.93,11,56.89,Low Value,Low Value,True
529,2005-07-01,13,53.87,3,3.97,High Value,High Value,True
529,2005-08-01,12,57.88,13,53.87,High Value,Low Value,False
530,2005-07-01,9,30.91,3,5.97,Low Value,Low Value,True
530,2005-08-01,9,35.91,9,30.91,Low Value,Low Value,True
530,2006-02-01,1,2.99,9,35.91,Low Value,Low Value,True
531,2005-07-01,14,64.86,1,2.99,High Value,High Value,True
531,2005-08-01,8,42.92,14,64.86,Big Spender,Low Value,False
532,2005-07-01,14,69.86,2,8.98,High Value,High Value,True
532,2005-08-01,14,69.86,14,69.86,High Value,High Value,True
532,2006-02-01,1,0.99,14,69.86,Low Value,High Value,False
533,2005-07-01,13,58.87,6,18.94,High Value,Low Value,False
533,2005-08-01,10,51.90,13,58.87,High Value,High Value,True
533,2006-02-01,1,2.99,10,51.90,Low Value,High Value,False
534,2005-07-01,7,25.93,5,15.95,Low Value,Low Value,True
534,2005-08-01,9,36.91,7,25.93,Low Value,Low Value,True
534,2006-02-01,1,2.99,9,36.91,Low Value,Low Value,True
535,2005-07-01,11,48.89,2,9.98,High Value,High Value,True
535,2005-08-01,15,63.85,11,48.89,High Value,Low Value,False
536,2005-07-01,12,51.88,3,10.97,High Value,Low Value,False
536,2005-08-01,8,46.92,12,51.88,Big Spender,High Value,False
537,2005-07-01,12,40.88,4,23.96,High Value,High Value,True
537,2005-08-01,7,28.93,12,40.88,Low Value,Low Value,True
537,2006-02-01,1,4.99,7,28.93,Low Value,Low Value,True
538,2005-07-01,14,51.86,4,18.96,High Value,High Value,True
538,2005-08-01,9,38.91,14,51.86,Big Spender,Low Value,False
539,2005-07-01,12,55.88,3,9.97,High Value,High Value,True
539,2005-08-01,5,18.95,12,55.88,Low Value,High Value,False
540,2005-07-01,9,39.91,5,18.95,Big Spender,Low Value,False
540,2005-08-01,10,53.90,9,39.91,High Value,Low Value,False
541,2005-07-01,7,33.93,2,9.98,Low Value,High Value,False
541,2005-08-01,13,51.87,7,33.93,High Value,Low Value,False
542,2005-07-01,8,47.92,2,15.98,Big Spender,High Value,False
542,2005-08-01,6,20.94,8,47.92,Low Value,Low Value,True
543,2005-07-01,8,27.92,5,21.95,Low Value,Low Value,True
543,2005-08-01,7,23.93,8,27.92,Low Value,Low Value,True
544,2005-07-01,6,29.94,4,16.96,Low Value,High Value,False
544,2005-08-01,10,45.90,6,29.94,High Value,High Value,True
545,2005-07-01,9,42.91,1,2.99,Big Spender,High Value,False
545,2005-08-01,9,38.91,9,42.91,Big Spender,Low Value,False
546,2005-07-01,10,39.90,4,12.96,High Value,High Value,True
546,2005-08-01,9,37.91,10,39.90,Low Value,Low Value,True
547,2005-07-01,10,41.90,1,8.99,High Value,High Value,True
547,2005-08-01,9,36.91,10,41.90,Low Value,Low Value,True
548,2005-07-01,6,29.94,3,5.97,Low Value,Low Value,True
548,2005-08-01,6,26.94,6,29.94,Low Value,High Value,False
548,2006-02-01,1,0.99,6,26.94,Low Value,High Value,False
549,2005-07-01,9,41.91,1,2.99,Big Spender,High Value,False
549,2005-08-01,6,17.94,9,41.91,Low Value,Low Value,True
550,2005-07-01,11,44.89,6,39.94,High Value,High Value,True
550,2005-08-01,13,63.87,11,44.89,High Value,High Value,True
550,2006-02-01,1,2.99,13,63.87,Low Value,Low Value,True
551,2005-07-01,8,28.92,2,8.98,Low Value,High Value,False
551,2005-08-01,11,37.89,8,28.92,Loyal,Low Value,False
552,2005-07-01,9,48.91,2,5.98,Big Spender,High Value,False
552,2005-08-01,9,34.91,9,48.91,Low Value,Low Value,True
553,2005-07-01,16,68.84,3,19.97,High Value,High Value,True
553,2005-08-01,4,13.96,16,68.84,Low Value,Low Value,True
554,2005-07-01,4,16.96,4,21.96,Low Value,Low Value,True
554,2005-08-01,12,56.88,4,16.96,High Value,High Value,True
555,2005-07-01,6,29.94,1,1.99,Low Value,Low Value,True
555,2005-08-01,10,42.90,6,29.94,High Value,High Value,True
556,2005-07-01,7,22.93,5,25.95,Low Value,Low Value,True
556,2005-08-01,6,23.94,7,22.93,Low Value,Low Value,True
557,2005-07-01,10,26.90,3,11.97,Loyal,High Value,False
557,2005-08-01,8,19.92,10,26.90,Low Value,Low Value,True
557,2006-02-01,1,4.99,8,19.92,Low Value,Low Value,True
558,2005-07-01,15,70.85,5,27.95,High Value,High Value,True
558,2005-08-01,8,36.92,15,70.85,Low Value,Low Value,True
559,2005-07-01,12,41.88,4,12.96,High Value,High Value,True
559,2005-08-01,12,55.88,12,41.88,High Value,Low Value,False
560,2005-07-01,14,59.86,2,6.98,High Value,High Value,True
560,2005-08-01,11,56.89,14,59.86,High Value,High Value,True
560,2006-02-01,2,5.98,11,56.89,Low Value,Low Value,True
561,2005-07-01,7,29.93,9,33.91,Low Value,Low Value,True
561,2005-08-01,8,21.92,7,29.93,Low Value,Low Value,True
561,2006-02-01,1,0.99,8,21.92,Low Value,Low Value,True
562,2005-07-01,9,38.91,4,17.96,Big Spender,Low Value,False
562,2005-08-01,9,40.91,9,38.91,Big Spender,High Value,False
563,2005-07-01,16,60.84,2,5.98,High Value,High Value,True
563,2005-08-01,9,32.91,16,60.84,Low Value,Low Value,True
564,2005-07-01,9,37.91,1,2.99,Low Value,High Value,False
564,2005-08-01,12,41.88,9,37.91,High Value,High Value,True
565,2005-07-01,11,34.89,3,16.97,Loyal,High Value,False
565,2005-08-01,13,66.87,11,34.89,High Value,High Value,True
566,2005-07-01,18,71.82,4,16.96,High Value,High Value,True
566,2005-08-01,10,41.90,18,71.82,High Value,High Value,True
567,2005-07-01,11,40.89,2,7.98,High Value,High Value,True
567,2005-08-01,7,36.93,11,40.89,Low Value,High Value,False
568,2005-07-01,8,23.92,5,17.95,Low Value,Low Value,True
568,2005-08-01,7,21.93,8,23.92,Low Value,Low Value,True
568,2006-02-01,1,2.99,7,21.93,Low Value,Low Value,True
569,2005-07-01,7,24.93,2,12.98,Low Value,Low Value,True
569,2005-08-01,18,75.82,7,24.93,High Value,High Value,True
570,2005-07-01,14,44.86,7,32.93,High Value,Low Value,False
570,2005-08-01,3,12.97,14,44.86,Low Value,Low Value,True
570,2006-02-01,1,0.99,3,12.97,Low Value,High Value,False
571,2005-07-01,9,48.91,6,32.94,Big Spender,Low Value,False
571,2005-08-01,7,25.93,9,48.91,Low Value,Low Value,True
572,2005-07-01,11,46.89,3,12.97,High Value,High Value,True
572,2005-08-01,10,40.90,11,46.89,High Value,Big Spender,False
573,2005-07-01,15,70.85,4,20.96,High Value,Low Value,False
573,2005-08-01,9,25.91,15,70.85,Low Value,Low Value,True
574,2005-07-01,15,64.85,5,15.95,High Value,Low Value,False
574,2005-08-01,7,27.93,15,64.85,Low Value,Low Value,True
575,2005-07-01,9,36.91,3,10.97,Low Value,Low Value,True
575,2005-08-01,12,61.88,9,36.91,High Value,Low Value,False
576,2005-07-01,15,63.85,7,33.93,High Value,Low Value,False
576,2005-08-01,8,31.92,15,63.85,Low Value,Low Value,True
576,2006-02-01,2,5.98,8,31.92,Low Value,Low Value,True
577,2005-07-01,11,52.89,3,13.97,High Value,High Value,True
577,2005-08-01,12,44.88,11,52.89,High Value,High Value,True
578,2005-07-01,11,45.89,3,14.97,High Value,High Value,True
578,2005-08-01,7,34.93,11,45.89,Low Value,Low Value,True
579,2005-07-01,14,65.86,3,12.97,High Value,High Value,True
579,2005-08-01,9,31.91,14,65.86,Low Value,Low Value,True
579,2006-02-01,1,0.99,9,31.91,Low Value,Low Value,True
580,2005-07-01,15,49.85,1,0.99,High Value,High Value,True
580,2005-08-01,10,47.90,15,49.85,High Value,Low Value,False
581,2005-07-01,14,57.86,3,11.97,High Value,High Value,True
581,2005-08-01,8,27.92,14,57.86,Low Value,Low Value,True
582,2005-07-01,10,53.90,3,11.97,High Value,High Value,True
582,2005-08-01,10,43.90,10,53.90,High Value,High Value,True
582,2006-02-01,1,2.99,10,43.90,Low Value,High Value,False
583,2005-07-01,12,68.88,6,29.94,High Value,High Value,True
583,2005-08-01,5,18.95,12,68.88,Low Value,Low Value,True
584,2005-07-01,12,44.88,2,10.98,High Value,High Value,True
584,2005-08-01,13,58.87,12,44.88,High Value,High Value,True
585,2005-07-01,13,70.87,4,13.96,High Value,High Value,True
585,2005-08-01,6,27.94,13,70.87,Low Value,Low Value,True
585,2006-02-01,1,4.99,6,27.94,Low Value,Low Value,True
586,2005-07-01,6,23.94,2,3.98,Low Value,High Value,False
586,2005-08-01,9,22.91,6,23.94,Low Value,High Value,False
587,2005-07-01,10,48.90,4,15.96,High Value,High Value,True
587,2005-08-01,9,36.91,10,48.90,Low Value,Low Value,True
587,2006-02-01,1,0.99,9,36.91,Low Value,Low Value,True
588,2005-07-01,14,52.86,5,24.95,High Value,High Value,True
588,2005-08-01,8,29.92,14,52.86,Low Value,High Value,False
589,2005-07-01,10,37.90,5,30.95,Loyal,High Value,False
589,2005-08-01,10,49.90,10,37.90,High Value,Low Value,False
590,2005-07-01,14,56.86,5,30.95,High Value,High Value,True
590,2005-08-01,4,17.96,14,56.86,Low Value,Low Value,True
590,2006-02-01,1,2.99,4,17.96,Low Value,Low Value,True
591,2005-07-01,15,75.85,3,8.97,High Value,High Value,True
591,2005-08-01,9,49.91,15,75.85,Big Spender,Big Spender,True
592,2005-07-01,15,61.85,5,24.95,High Value,High Value,True
592,2005-08-01,8,23.92,15,61.85,Low Value,Low Value,True
592,2006-02-01,1,0.99,8,23.92,Low Value,Low Value,True
593,2005-07-01,12,44.88,4,20.96,High Value,Low Value,False
593,2005-08-01,8,35.92,12,44.88,Low Value,High Value,False
594,2005-07-01,14,65.86,6,23.94,High Value,High Value,True
594,2005-08-01,3,18.97,14,65.86,Low Value,Low Value,True
595,2005-07-01,19,86.81,2,7.98,High Value,High Value,True
595,2005-08-01,8,15.92,19,86.81,Low Value,Low Value,True
596,2005-07-01,6,21.94,2,3.98,Low Value,High Value,False
596,2005-08-01,13,46.87,6,21.94,High Value,High Value,True
596,2006-02-01,1,0.99,13,46.87,Low Value,Low Value,True
597,2005-07-01,7,26.93,3,7.97,Low Value,Big Spender,False
597,2005-08-01,12,47.88,7,26.93,High Value,High Value,True
597,2006-02-01,1,4.99,12,47.88,Low Value,Low Value,True
598,2005-07-01,16,64.84,1,2.99,High Value,High Value,True
598,2005-08-01,5,15.95,16,64.84,Low Value,Low Value,True
599,2005-07-01,7,29.93,4,20.96,Low Value,Low Value,True
599,2005-08-01,7,27.93,7,29.93,Low Value,Low Value,True
